{"cameraMode":{"drawMode":0,"name":"Shaded","section":"Shading Mode"},"sceneLighting":true,"audioPlay":false,"sceneViewState":{"m_AlwaysRefresh":false,"showFog":true,"showSkybox":true,"showFlares":true,"showImageEffects":true,"showParticleSystems":true,"showVisualEffectGraphs":true,"m_FxEnabled":true},"in2DMode":false,"pivot":{"x":771.0120849609375,"y":1.5799353122711182,"z":366.1379699707031},"rotation":{"x":0.02325763739645481,"y":-0.24636396765708924,"z":0.005913876928389072,"w":0.968880295753479},"size":12.649490356445313,"orthographic":false}