{"cameraMode":{"drawMode":0,"name":"Shaded","section":"Shading Mode"},"sceneLighting":true,"audioPlay":false,"sceneViewState":{"m_AlwaysRefresh":false,"showFog":true,"showSkybox":true,"showFlares":true,"showImageEffects":true,"showParticleSystems":true,"showVisualEffectGraphs":true,"m_FxEnabled":true},"in2DMode":false,"pivot":{"x":744.9992065429688,"y":0.19044823944568635,"z":403.0019226074219},"rotation":{"x":0.02325763739645481,"y":-0.24636396765708924,"z":0.005913876928389072,"w":0.968880295753479},"size":43.84551239013672,"orthographic":false}